{
  "Grand Canyon National Park Lodges, 88 Village Loop Drive, Grand Canyon Village, AZ 86023": [
    36.0537036,
    -112.1437061
  ],
  "Bryce Canyon National Park, Hwy 63, Bryce, UT": [
    37.5707948,
    -112.1855939
  ],
  "Craters of the Moon National Monument & Preserve, Arco, ID": [
    43.635336,
    -113.299953
  ],
  "West Yellowstone Visitor Information Center, 30 Yellowstone Ave, West Yellowstone, MT 59758": [
    44.6586048,
    -111.0981266
  ],
  "Pikes Peak, Colorado": [
    38.8404012,
    -105.0439523
  ],
  "Carlsbad Caverns National Park, Carlsbad, NM": [
    32.4257456,
    -104.237612
  ],
  "The Alamo, Alamo Plaza, San Antonio, TX": [
    29.4261578,
    -98.4866962
  ],
  "Chickasaw National Recreation Area, 1008 W 2nd St, Sulphur, OK 73086": [
    34.5075965,
    -96.9699157
  ],
  "Toltec Mounds, Scott, AR": [
    34.8469384,
    -94.0431714
  ],
  "Graceland, Elvis Presley Boulevard, Memphis, TN": [
    35.0457404,
    -90.0230725
  ],
  "Vicksburg National Military Park, Clay Street, Vicksburg, MS": [
    32.3440605,
    -90.8514451
  ],
  "French Quarter, New Orleans, LA": [
    29.9594926,
    -90.0655403
  ],
  "USS Alabama, Battleship Parkway, Mobile, AL": [
    30.6819177,
    -88.014371
  ],
  "Cape Canaveral, FL": [
    28.4513556,
    -80.5283059
  ],
  "Okefenokee Swamp Park, Okefenokee Swamp Park Road, Waycross, GA": [
    31.2135511,
    -82.3540178
  ],
  "Fort Sumter National Monument, Sullivan's Island, SC": [
    32.7616052,
    -79.8365159
  ],
  "Lost World Caverns, Lewisburg, WV": [
    37.8017879,
    -80.4456303
  ],
  "Wright Brothers National Memorial Visitor Center, Manteo, NC": [
    35.9082257,
    -75.6757303
  ],
  "Mount Vernon, Fairfax County, Virginia": [
    38.710179,
    -77.0888199
  ],
  "White House, Pennsylvania Avenue Northwest, Washington, DC": [
    38.8976387,
    -77.0365528
  ],
  "Maryland State House, 100 State Cir, Annapolis, MD 21401": [
    38.9788796,
    -76.4910542
  ],
  "New Castle Historic District, Delaware": [
    39.6609061,
    -75.5638579
  ],
  "Congress Hall, Congress Place, Cape May, NJ 08204": [
    38.931546,
    -74.9248627
  ],
  "Liberty Bell, 6th Street, Philadelphia, PA": [
    40.0881285,
    -74.9671401
  ],
  "Statue of Liberty, Liberty Island, NYC, NY": [
    40.6897958,
    -74.0451245
  ],
  "The Mark Twain House & Museum, Farmington Avenue, Hartford, CT": [
    41.7646338,
    -72.7294192
  ],
  "The Breakers, Ochre Point Avenue, Newport, RI": [
    41.4697373,
    -71.2982119
  ],
  "USS Constitution, Boston, MA": [
    42.3724407,
    -71.0565466
  ],
  "Acadia National Park, Maine": [
    44.3563115,
    -68.2154787
  ],
  "Omni Mount Washington Resort, Mount Washington Hotel Road, Bretton Woods, NH": [
    44.2573528,
    -71.4394475
  ],
  "Shelburne Farms, Harbor Road, Shelburne, VT": [
    44.4088409,
    -73.2472148
  ],
  "USS Cod Submarine Memorial, East 9th Street, Cleveland, OH": [
    41.5101229,
    -81.691597
  ],
  "Olympia Entertainment, Woodward Avenue, Detroit, MI": [
    42.3545115,
    -83.0629275
  ],
  "Spring Grove Cemetery, Spring Grove Avenue, Cincinnati, OH": [
    39.152159,
    -84.5421983
  ],
  "Mammoth Cave National Park, Mammoth Cave Pkwy, Mammoth Cave, KY": [
    37.1818282,
    -86.0966282
  ],
  "West Baden Springs Hotel, West Baden Avenue, West Baden Springs, IN": [
    38.5673087,
    -86.6184829
  ],
  "Lincoln Home National Historic Site Visitor Center, 426 South 7th Street, Springfield, IL": [
    39.7975784,
    -89.6461415
  ],
  "Gateway Arch, Washington Avenue, St Louis, MO": [
    38.6320645,
    -90.1981773
  ],
  "C. W. Parker Carousel Museum, South Esplanade Street, Leavenworth, KS": [
    39.3172472,
    -94.9095564
  ],
  "Terrace Hill, Grand Avenue, Des Moines, IA": [
    41.5832009,
    -93.6490963
  ],
  "Taliesin, County Road C, Spring Green, Wisconsin": [
    43.1437861,
    -90.0598181
  ],
  "Fort Snelling, Tower Avenue, Saint Paul, MN": [
    44.9176544,
    -93.1666141
  ],
  "Ashfall Fossil Bed, Royal, NE": [
    42.3320541,
    -98.1248228
  ],
  "Mount Rushmore National Memorial, South Dakota 244, Keystone, SD": [
    43.8788606,
    -103.4590124
  ],
  "Fort Union Trading Post National Historic Site, Williston, North Dakota 1804, ND": [
    48.145296,
    -103.6487671
  ],
  "Glacier National Park, 64 Grinnell Drive, West Glacier, MT 59936": [
    48.5021135,
    -113.9883873
  ],
  "Hanford Site, Benton County, WA": [
    46.5328494,
    -119.4931078
  ],
  "Columbia River Gorge National Scenic Area, Oregon": [
    45.657502,
    -121.0744814
  ],
  "Cable Car Museum, 94108, 1201 Mason St, San Francisco, CA 94108": [
    37.7947602,
    -122.4118528
  ],
  "San Andreas Fault, San Benito County, CA": [
    36.6231225,
    -121.1157794
  ],
  "Hoover Dam, Boulder City, CO": [
    36.0100111,
    -114.7849709
  ],
  "Grand Canyon National Park, Arizona": [
    36.3078548,
    -112.292896
  ]
}